Student_ID,College,Major,Class_Year,GPA,Credits_Attempted,Credits_Earned,Enrollment_Date
CU100001,College of Business,Accounting,Senior,3.41,105,99,2021-01-14
CU100002,College of Arts and Sciences,Psychology,First Year,3.43,22,19,2024-08-12
CU100003,College of Business,Accounting,Senior,3.57,129,114,2021-09-09
CU100004,Arts and Sciences,History,First Year,,22,21,2024-08-27
CU100005,College of Engineering,Electrical Engineering,senior,2.76,115,113,2021-08-08
CU100006,COE,Elementary Education,Senior,3.24,105,99,2021-08-04
CU100007,COE,Industrial Engineering,Senior,2.73,118,,09-01-2021
CU100008,  College of Engineering  ,  Civil Engineering  ,Senior,3.23,119,104,2021-08-18
CU100009,college of education,Elementary Education,Freshman,3.05,14,13,08/17/24
CU100010,College of Business,  Management  ,Sr,3.27,122,105,2021-08-26
CU100011,College of Education,Elementary Education,PhD,,14,12,2023-08-28
CU100012,college of health,Public Health,First Year,2.58,18,17,2024-08-02
CU100013,College of Engineering,  Computer Sceince  ,junior,2.78,88,78,2022-08-22
CU100014,Ed,Secondary Education,First Year,3.49,23 credits,22,2024-08-10
CU100015,College of Business,  Management  ,  junior  , 3.21,82,72,2022-01-16
CU100016,College of Engineering,Computer Science,Senior,3.94,120,111,2021-08-02
CU100017,College of Engineering,Electrical Engineering,Graduate,4.0,22,18,09-26-2023
CU100018,College of Engineering,Computer Science,Senior,3.29,114,102,2021-08-12
CU100019,College of Arts and Sciences,Political Science,Junior,2.86,90,79,2022-09-01
CU100020,A&S,History,Sophomore,3.16,55,49,2023-01-05
CU100021,College of Health,Community Health,  Junior  ,3.42,77,73,2022-01-22
CU100022,College of Health,Public Health,Senior,3.84,114,105,2021-08-21
CU100023,College of Engineering,  Bioengineering  ,Senior,3.94,126,123,2021-01-15
CU100024,College of Arts and Sciences,Physics,Sophomore,,59,50,2023-08-13
CU100025,College of Education,Secondary Education,Junior,3.65,84,82,2022-01-24
CU100026,College of Education,Special Education,First Year,2.92,24,22,2024-08-21
CU100027,College of Health,Health Science,Senior,4.0,109,103,2021-08-08
CU100028,engineering,Chemical Engineering,First Year,3.58,12,11,2024-09-23
CU100029,CAS,Chemistry,Junior,2.82,87,75,2022-09-23
CU100030,College of Business,Marketing,Graduate,4.0,16,15,2023-08-01
CU100031,COH,Community Health,Junior,3.33,87,79,2022-08-10
CU100032,College of Engineering,Industrial Engineering,First Year,3.78,29,28,2024-08-07
CU100033,College of Business,Accounting,Junior,3.22,87,75,01/10/22
CU100034,  College of Arts and Sciences  ,Chemistry,graduate,3.45,12,11,01/20/23
CU100035,A&S,Chemistry,First Year,3.21,12,10,2024-08-02
CU100036,College of Engineering,Chemical Engineering,Senior,3.54,104,89,2021-01-24
CU100037,COE,Secondary Education,First Year,3.22,30,28,2024-08-19
CU100038,College of Engineering,Industrial Engineering,Sophomore,3.94,57,50,2023-01-02
CU100039,College of Health,Community Health,Senior,3.55,111,101,2021-08-01
CU100040,College of Health,Nursing,Jr,3.84,80,72,2022-09-08
CU100041,  College of Arts and Sciences  ,Mathematics,Senior,2.89,129,112,2021-08-11
CU100042,Health College,Community Health,Graduate,5.0,34,33,2024-09-02
CU100043,College of Arts and Sciences,Philosophy,Senior,2.94,129,122,08/21/2021
CU100044,College of Engineering,Chemical Engineering,graduate,3.13,10,8,2024-08-12
CU100045,College of Arts and Sciences,Sociology,Sophomore,4.0,51,48,2023-08-15
CU100046,College of Arts and Sciences,Mathematics,First Year,3.16,24,21,2024-01-24
CU100047,College of Business,Management,Senior,3.24,120,108,08-10-2021
CU100048,College of Business,Supply Chain Management,Graduate,3.9,13,12,2024-09-28
CU100049,College of Business,Business Analytics,Graduate,2.98,16,15,2023-08-21
CU100050,College of Engineering,Computer Engineering,senior,3.07,128,118,2021-08-02
CU100051,College of Health,Health Science,Sr,3.06,102,87,2021-08-05
CU100052,College of Engineering,Mechanical Engineering,Senior,2.98,102,88,2021-08-19
CU100053,College of Education,Secondary Education,Junior,3.46,87,85,2022-08-16
CU100054,College of Education,Special Education,  Junior  ,3.26,75,73,2022-09-15
CU100055,College of Business,Accounting,Junior,3.29,76,70,2022-08-14
CU100056,College of Business,Marketing,Senior,3.01,113,97,2021-01-08
CU100057,College of Arts and Sciences,Physics,  Sophomore  ,3.32,54,46,2023-08-24
CU100058,  College Of Business  ,Marketing,junior,3.53,85,78,2022-09-09
CU100059,engineering,Chemical Engineering,Sophomore,5.0,55,48,2023-01-23
CU100060,College of Business,Supply Chain Management,Fr,3.58,22,19,"August 03, 2024"
CU100061,College of Arts and Sciences,Physics,Senior,3.71,109,94,2021-08-06
CU100062,  College of Education  ,Secondary Education,Graduate,3.1,29,26,2023-08-16
CU100063,College of Education,Special Education,Junior,2.74,73,66,08/20/22
CU100064,College of Engineering,Industrial Engineering,Sophomore,,51,46,2023-01-02
CU100065,College of Education,Special Education,First Year,2.18,24,20,2024-08-18
CU100066,College of Engineering,Electrical Engineering,Sophomore,4.0,57,50,2023-08-03
CU100067,College of Education,Elementary Education,Senior,3.77,125,110,2021-01-10
CU100068,College of Health,Community Health,Graduate,3.68,35,30,2024-08-02
CU100069,College of Engineering,Bioengineering,Graduate,3.88,21,19,2024-09-03
CU100070,Business,Accounting,Freshman,2.84,18,17,"August 25, 2024"
CU100071,College of Business,  Business Analytics  ,Sophomore,2.91 ,44,,2023-08-17
CU100072,  College of Business  ,Economics,  junior  ,3.18,82,71,11/01/2022
CU100073,College of Arts and Sciences,History,2nd Year,3.43,43,41,2023-08-12
CU100074,  Education  ,Secondary Education,Senior,2.98,125,114,2021-01-27
CU100075,College of Health,Nursing,Senior,3.44,123,116,2021-01-26
CU100076,College of Health,Nursing,Sophomore,,44,41,2023-09-11
CU100077,Health College,Public Health,First Year,3.5,26,25,2024-08-23
CU100078,college of health,Health Science,Sophomore,2.76,60,54,2023-01-03
CU100079,COE,Special Education,Jr,3.33,88,86,2022-08-17
CU100080,College of Education,Special Education,First Year,2.79,30,26,01/02/24
CU100081,College of Engineering,Computer Engineering,Sophomore,3.36,56,51,2023-08-11
CU100082,College of Engineering,  Civil Engineering  ,First Year,3.19,21,20,2024-08-28
CU100083,College of Health,Public Health,First Year,2.98,27,25,"August 18, 2024"
CU100084,College of Education,Secondary Education,Senior,3.5,121,115,04/08/2021
CU100085,College of Engineering,Civil Engineering,2nd Year,2.97,51,47,01-10-2023
CU100086,College of Education,Special Education,Sophomore,3.01,43,40,2023-01-21
CU100087,College of Education,Special Education,Graduate,3.94,10,9,2024-01-11
CU100088,COH,Public Health,Graduate,3.25,17,15,2024-08-25
CU100089,college of arts and sciences,Psychology,Sophomore,3.01,53,52,2023-09-07
CU100090,College of Arts and Sciences,Sociology,First Year,4.0,16,13,"September 21, 2024"
CU100091,College of Business,Finance,Sophomore,3.81,43,,2023-09-06
CU100092,College of Health,Public Health,Graduate, 3.0,23,20,2024-08-06
CU100093,Business,Supply Chain Management,Senior,3.49,112,,08/13/2021
CU100094,College of Arts and Sciences,Chemistry,Senior,3.6,111,100,2021-08-05
CU100095,Business,Business Analytics,  Junior  ,3.25,90,78,18/01/2022
CU100096,college of health,Nursing,Senior,,114,101,08-19-2021
CU100097,Health College,Nursing,Graduate,3.15,21,19,2024-08-04
CU100098,College of Health,Nursing,  First Year  ,3.92,18,17,2024-08-26
CU100099,College of Health,Public Health,Junior,3.32,76,70,2022-08-27
CU100100,College of Education,Special Education,Graduate,3.08,29,27,2023-08-12
CU100101,College of Health,Health Science,Junior,3.86,76,69,2022-08-11
CU100102,College of Education,Elementary Education,junior,3.18,82,73,2022-08-07
CU100103,College of Arts and Sciences,History,Grad,3.07 ,32,29,2023-08-12
CU100104,College of Health,Community Health,  Junior  ,3.47,83,72,08/18/22
CU100105,College of Education,Secondary Education,2nd Year,2.65,57,54,08/18/2023
CU100106,A&S,  Physics  ,Sophomore,2.7,54,46,09/19/2023
CU100107,College of Arts and Sciences,Philosophy,Graduate,4.0,10,8,2023-08-02
CU100108,  College of Business  ,Marketing,First Year,2.89,19,17,2024-01-11
CU100109,College of Education,Secondary Education,Graduate,3.4,34,33,2023-08-12
CU100110,College of Health,Nursing,  Sophomore  ,3.83,44,37,"September 12, 2023"
CU100111,Health,Community Health,Senior,3.32,109,102,2021-09-06
CU100112,College of Health,Health Science,First Year,2.34,12,11,2024-01-13
CU100113,College of Arts and Sciences,Mathematics,Senior,2.7,127,112,2021-08-27
CU100114,College of Business,Economics,Senior,2.62,127,115,2021-08-21
CU100115,Buisness,Economics,Graduate,3.44 ,28,26,25/08/2024
CU100116,College of Education,Elementary Education,  Junior  ,2.51,84,77,2022-08-01
CU100117,COH,Nursing,First Year,4.0,12,11,2024-08-24
CU100118,College of Health,Community Health,Sophomore,3.42,48,42,2023-01-04
CU100119,Arts and Sciences,Sociology,3rd Year,3.57,81,80,2022-08-11
CU100120,College of Education,Elementary Education,Junior,2.65,76,66,2022-01-02
CU100121,  College of Education  ,Elementary Education,Senior,3.42,109,101,2021-09-19
CU100122,College of Health,Health Science,Senior,3.5,122,117,2021-08-15
CU100123,College of Engineering,Electrical Engineering,Senior,2.95,121,112,2021-08-10
CU100124,College of Engineering,Civil Engineering,Senior,3.19,128,113,2021-09-05
CU100125,College of Arts and Sciences,Philosophy,Fr,3.25,26,24,2024-08-26
CU100126,  College of Business  ,Accounting,  Senior  ,2.76,128,117,2021-08-15
CU100127,College of Engineering,Computer Science,Soph,2.94,49,,2023-08-01
CU100128,College of Business,Management,Senior,3.98,105,115,2021-08-13
CU100129,College of Education,Special Education,3rd Year,3.5,76,73,08/14/22
CU100130,School of Engineering,Computer Engineering,Sophomore,,43 credits,41,2023-09-13
CU100131,College of Engineering,  Bioengineering  ,  Graduate  ,3.61,11,9,2024-08-02
CU100132,College of Engineering,Civil Engineering,  Junior  ,3.22,84,78,2022-08-23
CU100133,  College of Engineering  ,Computer Science,First Year,,20,17,2024-08-24
CU100134,College of Health,Public Health,Sophomore,3.02,50,48,2023-08-24
CU100135,  College of Arts and Sciences  ,English,Sophomore,3.13,44,41,2023-01-22
CU100136,  College of Arts and Sciences  ,Philosophy,Sophomore,2.81 ,53,,2023-08-24
CU100137,  COH  ,Nursing,First Year,2.67,27,26,08-03-2024
CU100138,College of Engineering,Electrical Engineering,Soph,3.13,52,51,2023-08-11
CU100139,College of Arts and Sciences,Chemistry,First Year, 3.28,13,11,2024-08-03
CU100140,College of Engineering,Mechanical Engineering,First Year,2.62,19 credits,16,2024-08-22
CU100141,College of Arts and Sciences,Chemistry,First Year,2.75,30,27,2024-09-01
CU100142,College of Health,Health Science,First Year,3.19,24,20,2024-01-08
CU100143,College of Arts and Sciences,Philosophy,First Year,3.93,13,12,12/01/2024
CU100144,College of Engineering,  Civil Engineering  ,  Sophomore  ,2.67,52,50,2023-01-01
CU100145,College of Education,Elementary Education,First Year,,18,17,2024-08-26
CU100146,College of Health,Health Science,Sophomore,3.26,52,45,2023-09-26
CU100147,College of Arts and Sciences,Psychology,First Year,4.0,30,27,2024-08-20
CU100148,College of Arts and Sciences,Sociology,First Year,,18,15,2024-08-09
CU100149,College of Education,Special Education,Sr,3.47,127,124,2021-08-11
CU100150,  College of Engineering  ,  Computer Engineering  ,  First Year  ,3.75,15,13,2024-09-23
CU100151,College of Education,Secondary Education,First Year,3.46,21,20,08/10/2024
CU100152,College of Arts and Sciences,Philosophy,  First Year  ,3.16,15,12,2024-01-14
CU100153,College of Business,Business Analytics,Junior,2.72,76,65,2022-08-06
CU100154,College of Business,Accounting,sophomore,3.13,54,50,01/15/2023
CU100155,College of Health,  Nursing  ,Sophomore,,43,37,2023-08-20
CU100156,College of Arts and Sciences,Mathematics,Sophomore,3.26,57,55,2023-08-05
CU100157,College of Arts and Sciences,Biology,  Junior  ,3.51,88,80,2022-08-07
CU100158,College of Arts and Sciences,Sociology,3rd Year,3.63,77,76,2022-01-18
CU100159,College of Arts and Sciences,Political Science,3rd Year,4.0,72,66,2022-08-20
CU100160,College of Education,Elementary Education,First Year,1.92,23,21,"August 22, 2024"
CU100161,College of Education,Secondary Education,Senior,3.13,122,112,2021-08-14
CU100162,Arts and Sciences,Psychology,Senior,2.82,130,121,2021-08-16
CU100163,College of Arts and Sciences,Mathematics,Junior,3.08,73,,2022-09-07
CU100164,College of Health,Public Health,Sophomore,,47,45,08/21/2023
CU100165,College of Health,Community Health,Sophomore,3.52,53,52,01/07/2023
CU100166,  college of education  ,Special Education,Soph,3.28,46,41,2023-08-25
CU100167,College of Education,Special Education,First Year,3.98,12,10,2024-09-15
CU100168,College of Business,Business Analytics,Senior,3.38,105,93,2021-09-07
CU100169,College of Business,Management,1st Year,3.7,27,23,2024-01-03
CU100170,College of Health,Health Science,First Year,3.6,13,11,2024-08-11
CU100171,College of Health,Public Health,First Year,3.03,17,14,2024-01-22
CU100172,College of Business,Marketing,  Senior  ,3.27,102,97,2021-08-17
CU100173,College of Engineering,Bioengineering,Graduate,3.68,24,21,2023-08-02
CU100174,College of Business,Accounting,Sophomore,3.06,43,40,26/08/2023
CU100175,College of Education,Secondary Education,Senior,3.11,105,101,2021-08-11
CU100176,  College of Engineering  ,Electrical Engineering,first year,3.6,24,21,08/04/24
CU100177,College of Health,Public Health,Senior,3.74,105,95,"January 13, 2021"
CU100178,College of Education,Secondary Education,Senior,4.0,119,112,2021-08-20
CU100179,college of education,Special Education,Master's,,35,32,08/17/2023
CU100180,  Buisness  ,Marketing,Senior,2.82,105,98,2021-01-13
CU100181,College of Health,Public Health,Graduate,,33,30,2024-08-10
CU100182,College of Business,Marketing,Junior,2.68,76,65,2022-01-02
CU100183,engineering,Computer Engineering,Junior,2.96,78 credits,74,2022-08-10
CU100184,College of Arts and Sciences,Political Science,Graduate,3.76,12,,2023-08-17
CU100185,College of Education,  Special Education  ,  First Year  ,3.92,18,17,2024-08-07
CU100186,College of Arts and Sciences,History,  First Year  ,,19,18,2024-09-15
CU100187,College of Education,Elementary Education,Soph,2.93,51,49,09/13/23
CU100188,College of Arts and Sciences,Biology,Junior,2.73,89,77,2022-08-19
CU100189,  College of Arts and Sciences  ,English,First Year,2.73,13,12,2024-01-03
CU100190,Arts and Sciences,Philosophy,Sr,2.94,124,116,2021-08-14
CU100191,  College of Business  ,Finance,Senior,3.68,128,111,2021-08-24
CU100192,College of Education,Secondary Education,Senior,3.56,106,95,"January 24, 2021"
CU100193,COE,Special Education,Grad,3.9,20,17,2023-08-03
CU100194,College of Arts and Sciences,Mathematics,Junior,3.88,90,78,2022-08-19
CU100195,College of Engineering,Bioengineering,Freshman,3.86,18,15,2024-08-20
CU100196,COE,Elementary Education,First Year,3.5,28,23,2024-08-06
CU100197,College of Health,Public Health,1st Year,2.82,30,29,2024-01-22
CU100198,College of Education,Elementary Education,First Year,3.28 ,13,12,2024-08-16
CU100199,Ed,Special Education,Graduate,3.8,22,19,08/28/23
CU100200,College of Business,Finance,Junior,2.8,90,79,2022-01-12
CU100201,College of Health,Public Health,Graduate,3.33,23,22,2024-08-07
CU100202,College of Business,Accounting,Sophomore,2.5,53,45,2023-09-13
CU100203,COB,Economics,3rd Year,2.97,77,73,08/21/2022
CU100204,College of Education,Secondary Education,Sophomore,3.16,50,44,2023-09-13
CU100205,college of health,  Community Health  ,Junior,3.39,86,81,2022-09-04
CU100206,A&S,Chemistry,Junior,2.55,77,70,2022-08-19
CU100207,College of Business,Accounting,  Graduate  ,3.4,28,23,2024-09-12
CU100208,College of Health,Community Health,Graduate,3.2,10,,2023-08-15
CU100209,College of Engineering,Chemical Engineering,Junior,2.97,87,79,2022-08-12
CU100210,College of Engineering,Bioengineering,Senior,3.15,107,97,2021-01-18
CU100211,College of Arts and Sciences,Mathematics,Sophomore,2.12,50,45,2023-08-12
CU100212,College of Health,Nursing,Junior,2.91,76,74,2022-09-21
CU100213,College of Arts and Sciences,Philosophy,Jr,3.04,72,62,2022-08-24
CU100214,College of Business,Management,Grad,,21,18,2024-08-15
CU100215,  College of Education  ,Elementary Education,Junior,5.0,90,82,2022-08-16
CU100216,College of Health,Nursing,First Year,3.37,25,24,2024-08-18
CU100217,College of Education,Special Education,Senior,5.0,127,113,08/06/2021
CU100218,College of Business,  Finance  ,First Year,4.0,12,,2024-09-10
CU100219,College of Engineering,Chemical Engineering,senior,3.5,126,120,2021-09-08
CU100220,College of Education,Special Education,First Year,2.83,27,,2024-08-02
CU100221,College of Health,Public Health,Sophomore,3.45,44,41,2023-08-02
CU100222,College of Engineering,Chemical Engineering,Graduate,3.69,24,22,"January 23, 2023"
CU100223,College of Arts and Sciences,  Sociology  ,first year,2.72,17,16,2024-01-08
CU100224,  College of Business  ,Economics,Graduate,3.38,14,13,2024-08-16
CU100225,College of Health,Health Science,Junior,3.03,85,82,2022-01-09
CU100226,College of Engineering,Computer Engineering,Senior,3.11,126,119,2021-09-23
CU100227,College of Arts and Sciences,Physics,Sophomore,2.57,52 credits,48,25/09/2023
CU100228,College of Engineering,Electrical Engineering,Graduate, 3.18,9,8,2023-01-17
CU100229,College of Engineering,Mechanical Engineering,Senior,3.47,128,,2021-01-21
CU100230,College of Engineering,  Computer Science  ,Senior,3.16,122,110,2021-01-02
CU100231,College of Health,Public Health,  First Year  ,3.78,13,12,2024-08-13
CU100232,College of Health,Nursing,Senior, 3.66,120,103,2021-09-12
CU100233,College of Arts and Sciences,Psychology,Senior,3.52,103,91,2021-08-01
CU100234,Buisness,Supply Chain Management,  Junior  ,,88 credits,75,2022-08-10
CU100235,College of Health,Public Health,Graduate,3.130,19,17,08/07/24
CU100236,College of Education,Secondary Education,4th Year,3.37,122,108,2021-08-18
CU100237,College of Arts and Sciences,Philosophy,Sophomore,2.87,46,43,08/10/2023
CU100238,College of Arts and Sciences,Psychology,Senior,3.33,126,113,2021-09-10
CU100239,College of Engineering,Electrical Engineering,Sophomore,3.4,57,,2023-08-06
CU100240,College of Engineering,Mechanical Engineering,Fr,3.14,26,25,2024-08-28
CU100241,College of Business,  Business Analytics  ,First Year,1.91,19,17,2024-08-18
CU100242,College of Engineering,  Bioengineering  ,Senior,3.62,116 credits,100,2021-08-25
CU100243,College of Engineering,Mechanical Engineering,First Year,2.87,14,13,2024-01-20
CU100244,College of Arts and Sciences,Sociology,  Sophomore  ,2.52,47 credits,40,2023-08-01
CU100245,Education,Elementary Education,Sophomore,2.54,59,57,08/06/23
CU100246,College of Education,Special Education,First Year,2.86,26,25,2024-08-03
CU100247,College of Engineering,Computer Science,First Year,2.99,14,12,2024-09-20
CU100248,College of Arts and Sciences,  English  ,First Year,,12,11,2024-08-26
CU100249,College of Education,Secondary Education,Senior,3.67,114,109,2021-08-07
CU100250,Health College,Health Science,Senior,3.64,111,103,2021-01-18
CU100251,  College of Health  ,Public Health,junior,3.8,82,78,2022-09-03
CU100252,College of Education,Elementary Education,  first year  ,2.35,27,25,08/05/2024
CU100253,Health,Health Science,First Year,3.2,12,11,2024-08-11
CU100254,College of Arts and Sciences,Mathematics,First Year,2.11,21,19,2024-08-10
CU100255,college of health,Nursing,2nd Year,3.52,59,50,2023-01-05
CU100256,College of Arts and Sciences,Physics,3rd Year,2.65,72,61,2022-08-16
CU100257,College of Health,Public Health,Senior,2.37,114,98,2021-01-14
CU100258,Ed,  Elementary Education  ,Senior,3.08,107,95,2021-08-20
CU100259,College of Engineering,Bioengineering,Junior,2.84,78,68,2022-08-19
CU100260,College of Business,Marketing,Master's,3.85,10,8,28/08/2023
CU100261,College of Health,Public Health,Sophomore,3.38,42,36,2023-08-24
CU100262,College of Health,  Community Health  ,2nd Year,3.01,49,43,01-16-2023
CU100263,College of Education,Secondary Education,Junior,4.0,74,,2022-01-26
CU100264,College of Arts and Sciences,Mathematics,First Year,3.69,21 credits,20,2024-08-21
CU100265,A&S,Biology,Sr,2.7,125,109,08-26-2021
CU100266,college of health,Public Health,First Year,2.3,23,19,2024-08-02
CU100267,College of Health,Community Health,Senior,3.99,103,89,2021-09-20
CU100268,College of Arts and Sciences,Psychology,Sophomore,3.02,42,39,2023-08-14
CU100269,Business,Management,  Graduate  ,3.95,21,19,2024-08-23
CU100270,COB,Supply Chain Management,  Sophomore  ,3.55,43,38,2023-08-15
CU100271,College of Education,Special Education,2nd Year,2.2,46,43,2023-08-22
CU100272,  College of Business  ,Supply Chain Management,Graduate,3.81,35,33,2024-01-18
CU100273,College of Engineering,Civil Engineering,Junior,3.95,81,77,2022-08-16
CU100274,  Health College  ,Health Science,First Year,2.92,13,11,09/04/24
CU100275,College of Engineering,Civil Engineering,Fr,2.23,15,13,2024-01-03
CU100276,COE,Elementary Education,Sophomore,2.4,48,46,2023-08-03
CU100277,COH,Health Science,First Year,3.21,30,29,2024-09-23
CU100278,College of Arts and Sciences,Political Science,First Year,3.33,19,16,01-12-2024
CU100279,College of Business,Management,Sophomore,3.3,56,47,2023-01-06
CU100280,College of Business,Finance,senior,3.69,129,113,2021-08-16
CU100281,College of Education,Elementary Education,Sophomore,3.63,55,48,2023-08-10
CU100282,College of Health,Nursing,first year,3.53,25,24,2024-08-11
CU100283,College of Business,Supply Chain Management,3rd Year,3.95,85,84,08/10/22
CU100284,Health,Health Science,Graduate,3.85,11,9,2023-01-02
CU100285,College of Business,Accounting,2nd Year,3.06,53,46,2023-01-23
CU100286,College of Arts and Sciences,History,Senior,3.42,110,94,2021-08-15
CU100287,Buisness,Finance,  Grad  ,3.48,14,12,2024-08-06
CU100288,College of Engineering,Mechanical Engineering,First Year,3.16,19,18,2024-09-19
CU100289,College of Arts and Sciences,Biology,  First Year  ,2.78,17,16,2024-08-06
CU100290,College of Arts and Sciences,Physics,First Year,4.0,26,36,2024-01-10
CU100291,Ed,Special Education,First Year,1.9,26,23,2024-09-02
CU100292,  Business  ,Accounting,Junior,2.91,86,81,2022-01-13
CU100293,College of Health,Health Science,First Year,3.85,25,24,2024-08-26
CU100294,College of Education,Secondary Education,First Year,2.46,25,23,2024-09-06
CU100295,College of Health,Public Health,First Year,3.57,27,23,2024-09-06
CU100296,  Health  ,Health Science,Sophomore,3.21,60,,2023-08-19
CU100297,College of Business,Business Analytics,First Year,2.39,17 credits,15,2024-08-09
CU100298,College of Engineering,Electrical Engineering,Sr,2.91,127,125,2021-09-15
CU100299,College of Business,Management,  Senior  ,3.54,106,,08/07/2021
CU100300,COB,Marketing,1st Year,,21,19,2024-08-20
CU100301,College of Education,Special Education,First Year,3.53,28,24,2024-08-06
CU100302,College of Arts and Sciences,Political Science,Junior,2.61,88,77,2022-08-04
CU100303,college of health,Public Health,Junior,3.08,78,76,2022-08-06
CU100304,College of Arts and Sciences,English,Sophomore,4.0,54,46,2023-09-09
CU100305,College of Health,Health Science,First Year,2.67,16,13,2024-08-16
CU100306,College of Health,Community Health,junior,3.32,89,80,2022-08-14
CU100307,  College of Health  ,  Community Health  ,Senior,2.98,119,113,2021-09-18
CU100308,  College of Arts and Sciences  ,Philosophy,Freshman,2.81,22,19,2024-08-12
CU100309,college of health,Community Health,Soph,2.98,52,47,2023-08-19
CU100310,College of Education,Elementary Education,Sophomore,2.57,43,38,2023-08-20
CU100311,  Arts & Sciences  ,English,sophomore,3.2,59,51,2023-01-28
CU100312,College of Engineering,Civil Engineering,  Senior  ,3.88,126,112,2021-09-11
CU100313,  Arts and Sciences  ,Sociology,Junior,5.0,73,64,2022-08-01
CU100314,College of Business,Supply Chain Management,Graduate,3.58,32,31,2024-08-19
CU100315,College of Education,Special Education,Sophomore,3.2,55,48,2023-08-07
CU100316,College of Engineering,Industrial Engineering,Junior,2.97,83,80,2022-01-02
CU100317,College of Engineering,Bioengineering,sophomore,3.62,50,44,2023-08-07
CU100318,Arts & Sciences,Political Science,Graduate,3.44,35 credits,30,2024-08-17
CU100319,College of Arts and Sciences,Physics,Junior,3.56,76,74,08-15-2022
CU100320,COB,Business Analystics,senior,3.59,122,107,2021-09-07
CU100321,College of Health,Health Science,Soph,3.55,50,44,2023-09-05
CU100322,College of Arts and Sciences,Philosophy,Senior,4.0,116,100,2021-08-28
CU100323,  College of Education  ,Special Education,graduate,,10,8,2023-08-13
CU100324,Arts and Sciences,Chemistry,Sophomore,2.72,46,42,2023-08-14
CU100325,College of Health,Health Science,  First Year  ,,27,24,2024-09-04
CU100326,College of Arts and Sciences,  Psychology  ,Senior,3.49,125,115,2021-01-22
CU100327,College of Business,Supply Chain Management,Sophomore,3.41,52,45,2023-09-27
CU100328,College of Education,Elementary Education,First Year,2.98,13,12,26/08/2024
CU100329,COE,Mechanical Engineering,Sophomore,3.46,51,50,2023-08-22
CU100330,College of Business,Business Analytics,Sophomore,2.43,56,53,2023-09-17
CU100331,Business,Business Analytics,First Year,3.37 ,25,22,2024-01-27
CU100332,College of Health,Nursing,Sophomore,,47,41,2023-01-09
CU100333,College of Education,Special Education,Sophomore,2.85,54,,2023-08-05
CU100334,College of Business,Marketing,Senior,2.86,106,,2021-08-06
CU100335,College of Business,  Management  ,Senior,3.02,117,112,"August 16, 2021"
CU100336,COH,Community Health,First Year,3.36,23,21,2024-08-06
CU100337,College of Health,  Community Health  ,  Senior  ,3.1,127,116,2021-01-07
CU100338,College of Arts and Sciences,Physics,Senior,2.82,107,104,2021-08-11
CU100339,College of Education,Special Education,Senior,3.15,116,,2021-08-26
CU100340,COH,Community Health,Senior,2.52,105,91,2021-08-27
CU100341,College of Engineering,Civil Engineering,Senior,2.71,106,102,2021-09-15
CU100342,College of Business,Supply Chain Management,Senior,3.27,123,121,2021-01-02
CU100343,College of Arts and Sciences,History,Junior,3.58,78,,2022-08-26
CU100344,College of Business,Business Analytics,Junior,3.66,88,79,2022-08-01
CU100345,Buisness,Supply Chain Management,Sophomore,3.15,49,47,2023-08-10
CU100346,Health College,Health Science,First Year,2.44,25,24,2024-08-15
CU100347,  College of Engineering  ,Civil Engineering,Junior,2.8,88,86,2022-08-15
CU100348,Arts and Sciences,Mathematics,Sophomore,3.25,42,40,2023-01-14
CU100349,College of Health,Community Health,Senior,3.51,106,98,2021-09-22
CU100350,College Of Business,Economics,  first year  ,2.82,12,11,01/21/24
CU100351,College of Engineering,Electrical Engineering,Senior, 3.68,104,100,2021-09-19
CU100352,COH,Public Health,First Year,2.43,22,19,2024-08-13
CU100353,College of Business,Marketing,First Year,2.5,27,23,2024-08-09
CU100354,College of Education,Elementary Education,Senior,3.49,119,118,2021-08-01
CU100355,College of Engineering,Chemical Engineering,First Year,3.05,21,18,2024-08-24
CU100356,College of Arts and Sciences,  Physics  ,  First Year  ,2.33,22,18,2024-08-20
CU100357,College of Health,Health Science,Sophomore, 3.56,53,48,2023-08-15
CU100358,college of arts and sciences,Biology,Sophomore,2.33,48,40,08/28/2023
CU100359,college of education,Special Education,Senior,3.62,124,118,2021-01-15
CU100360,College of Engineering,Computer Science,  Sophomore  ,3.9,55,51,2023-08-13
CU100361,Health,  Community Health  ,  Senior  ,2.93,112,109,08-16-2021
CU100362,College of Business,Supply Chain Management,Sophomore,,44,42,09-02-2023
CU100363,College of Business,Supply Chain Management,Sophomore,,45,40,"September 17, 2023"
CU100364,College of Health,Public Health,Sophomore,2.21,43,36,2023-01-14
CU100365,College of Engineering,Computer Science,Sophomore,3.47,43,39,2023-08-21
CU100366,engineering,  Mechanical Engineering  ,  junior  ,2.78,73,67,2022-08-23
CU100367,  COB  ,Finance,Sophomore,3.43,53,45,2023-08-07
CU100368,College Of Business,Marketing,Graduate,3.97,18,16,2023-08-22
CU100369,  Education  ,Secondary Education,Graduate,3.6,28,26,2023-08-11
CU100370,College of Education,Secondary Education,Junior,3.44,86,75,2022-01-23
CU100371,College of Health,Community Health,Junior,3.7,89,76,2022-08-15
CU100372,College of Business,Marketing,Graduate,3.49,18,17,2024-08-08
CU100373,College of Education,Secondary Education,First Year,2.76,24,23,2024-09-21
CU100374,College of Business,Marketing,Senior,4.0,115,125,2021-08-15
CU100375,College of Education,Secondary Education,Sophomore,4.0,46,40,2023-01-21
CU100376,Arts & Sciences,Chemistry,First Year,3.25,29,25,2024-08-06
CU100377,College of Education,Secondary Education,Junior,4.0,78,67,2022-08-14
CU100378,College of Education,Elementary Education,Junior,3.77,90,88,2022-09-19
CU100379,Health College,  Community Health  ,Sophomore,2.78,45,40,2023-08-28
CU100380,A&S,Political Science,Junior,2.71,80,70,2022-09-01
CU100381,College of Health,Health Science,First Year,2.58,26,22,2024-08-06
CU100382,College of Education,Elementary Education,Junior,,73,71,09/23/2022
CU100383,COE,Mechanical Engineering,Sophomore,3.86,47,45,2023-09-17
CU100384,COH,  Public Health  ,Junior,2.76,74,70,2022-01-12
CU100385,Health College,Public Health,Sophomore,5.0,52,51,2023-08-11
CU100386,College of Education,Elementary Education,  first year  ,2.16,23,21,08-13-2024
CU100387,  College of Arts and Sciences  ,Physics,Sophomore,2.14 ,49,47,2023-01-28
CU100388,School of Engineering,Electrical Engineering,Jr,3.06,85,81,2022-08-24
CU100389,College of Health,Community Health,Senior,3.7,102,98,2021-08-25
CU100390,College of Engineering,Civil Engineering,Graduate,3.12,9,7,09/13/2023
CU100391,College of Health,Nursing,Senior,3.4,124,114,2021-08-21
CU100392,College of Engineering,Chemical Engineering,Sophomore,2.74,60,59,2023-08-04
CU100393,  College of Education  ,  Special Education  ,Graduate,3.18,33,32,08-21-2024
CU100394,College of Education,Secondary Education,Sr,3.06,125,114,2021-08-06
CU100395,College of Health,  Health Science  ,Graduate,3.73,21,31,01/08/2024
CU100396,College of Arts and Sciences,Sociology,Junior,3.62,82,77,2022-08-22
CU100397,College of Engineering,Computer Science,3rd Year,,79,71,2022-01-14
CU100398,College of Business,Marketing,Junior,3.03,87,86,09/10/22
CU100399,College of Health,Health Science,3rd Year,2.97,77,74,14/08/2022
CU100400,College of Arts and Sciences,English,Graduate,3.54,33,32,2024-08-13
CU100401,College of Education,Elementary Education,Senior,3.69,129,115,01/24/21
CU100402,College of Education,Secondary Education,Sophomore,3.52,51,49,2023-09-05
CU100403,College of Health,Health Science,Graduate,3.32,15,14,2024-08-28
CU100404,Health,Community Health,First Year,4.0,21,18,01/13/24
CU100405,School of Engineering,Computer Science,Sophomore,3.34,46,41,2023-08-02
CU100406,College of Education,Elementary Education,Senior,3.25,114,,2021-09-28
CU100407,Education,Secondary Education,Soph,3.17,47,42,"August 19, 2023"
CU100408,engineering,Mechanical Engineering,Freshman,2.03,17,14,2024-08-04
CU100409,College of Engineering,Chemical Engineering,First Year,4.0,21,19,08/19/2024
CU100410,School of Engineering,Electrical Engineering,Junior,2.97,80,69,2022-08-18
CU100411,College of Engineering,Industrial Engineering,Jr,,77,70,2022-08-26
CU100412,College of Engineering,Chemical Engineering,first year,2.52,24,23,2024-09-04
CU100413,College of Engineering,Industrial Engineering,Graduate,3.39,32,30,2023-09-19
CU100414,College of Health,  Community Health  ,First Year,3.45,23,22,2024-08-14
CU100415,College of Business,Finance,Junior,3.62,87,84,2022-09-22
CU100416,College of Education,Special Education,Sophomore,3.41,58,55,2023-01-15
CU100417,COB,Marketing,  Master's  ,3.6,33,32,08-16-2023
CU100418,Business,Business Analytics,junior,3.86,81,73,08/24/22
CU100419,College of Arts and Sciences,Political Science,Graduate,3.37,23,21,2023-08-05
CU100420,College of Health,  Nursing  ,First Year,2.99,27,25,25/08/2024
CU100421,college of business,Management,Sr,2.91,102,93,2021-08-16
CU100422,College of Business,Management,Senior,3.63,121,,2021-08-04
CU100423,College of Engineering,Industrial Engineering,Junior,3.74,73 credits,65,2022-08-09
CU100424,College of Arts and Sciences,Sociology,Sophomore,3.4,51,44,2023-01-25
CU100425,College of Education,Elementary Education,First Year,4.0,18,15,2024-08-03
CU100426,  College of Education  ,Secondary Education,Graduate,3.48,23,21,2024-09-03
CU100427,College of Health,Community Health,Senior,4.000,107 credits,97,2021-01-25
CU100428,College of Arts and Sciences,Mathematics,Junior,2.43,77,68,2022-08-02
CU100429,College of Arts and Sciences,Physics,1st Year,2.89,16,14,2024-08-02
CU100430,  College of Health  ,Nursing,Master's,3.24,29,27,2024-09-08
CU100431,College of Engineering,Electrical Engineering,  Junior  ,,81,69,"August 27, 2022"
CU100432,College of Business,  Supply Chain Management  ,Sophomore,3.09,45 credits,43,2023-08-08
CU100433,College of Education,Secondary Education,4th Year,3.24,109 credits,93,2021-01-04
CU100434,College of Health,Health Science,Junior,3.78,75,66,08/03/22
CU100435,College of Business,Marketing,  Master's  ,3.23,34,33,08-28-2024
CU100436,College of Engineering,Civil Engineering,Senior,2.61,113,101,2021-09-23
CU100437,College of Business,Business Analytics,Senior,2.72,127,122,2021-08-12
CU100438,College of Education,  Secondary Education  ,Sophomore,,49,42,"August 23, 2023"
CU100439,  College of Business  ,Finance,First Year,5.0,16,15,2024-08-24
CU100440,College of Business,Supply Chain Management,Senior,3.09,123,122,2021-01-23
CU100441,College of Engineering,Computer Engineering,First Year,3.08,14,13,2024-09-11
CU100442,  College of Engineering  ,Mechanical Engineering,First Year,2.33,12,11,2024-08-18
CU100443,  College of Health  ,Public Health,Sophomore,2.84,46,,2023-08-14
CU100444,College of Business,Management,First Year,3.46,19,18,2024-08-17
CU100445,Health,Public Health,  First Year  ,2.92,16,14,2024-08-26
CU100446,College of Health,Nursing,  Graduate  ,3.52,17,16,2023-08-04
CU100447,College of Health,Community Health,Sophomore,3.74,43,41,2023-01-01
CU100448,Business,Finance,  Senior  ,2.97,114,110,2021-09-11
CU100449,College of Education,Secondary Education,First Year,3.48,27,23,2024-08-25
CU100450,  College of Business  ,Accounting,Graduate,3.11,22,19,2023-08-07
CU100451,College of Business,Management,Senior,3.14,128,126,2021-08-05
CU100452,COE,Elementary Education,First Year,2.75,18,,2024-01-13
CU100453,College of Health,Community Health,Sophomore,2.83,58,57,2023-08-06
CU100454,Buisness,Accounting,Senior,3.8,105,90,2021-01-14
CU100455,  College of Engineering  ,  Bioengineering  ,Graduate,3.29,23,20,08-12-2023
CU100456,College of Education,Special Education,  junior  ,3.95,82,71,2022-08-18
CU100457,  College of Engineering  ,Mechanical Engineering,Senior,3.56,122,,08-07-2021
CU100458,College of Arts and Sciences,Psychology,Sophomore,2.26,49,43,2023-09-25
CU100459,College of Business,Accounting,Junior,2.75,84,72,2022-09-03
CU100460,  College of Business  ,Accounting,  Graduate  ,4.0,20,18,2024-08-17
CU100461,College of Engineering,Chemical Engineering,Sophomore,3.27,59,55,2023-09-14
CU100462,college of health,Community Health,Graduate,3.73,22,20,2023-08-20
CU100463,Education,Secondary Education,Sophomore,3.88,55 credits,53,2023-08-03
CU100464,College of Education,Elementary Education,Junior,3.84,75,70,2022-01-21
CU100465,College of Health,Public Health,Junior,3.16,90,,08-05-2022
CU100466,College of Health,Health Science,Junior,3.93,82,75,09/10/2022
CU100467,College of Health,Public Health,First Year,3.57,23,22,09/08/2024
CU100468,College of Engineering,Computer Engineering,Senior,4.0,123,106,2021-01-16
CU100469,Engineering,Mechanical Engineering,First Year,2.69,18,16,2024-08-16
CU100470,COH,  Community Health  ,Graduate,3.61,25,22,08-03-2023
CU100471,College of Health,Nursing,2nd Year,3.39 ,55,48,2023-01-14
CU100472,College of Business,Management,Sophomore,3.11,45,39,2023-08-19
CU100473,  College of Engineering  ,Industrial Engineering,4th Year,3.31,102,88,2021-08-28
CU100474,College of Engineering,Computer Science,Junior,2.94,87,81,2022-08-16
CU100475,College of Education,Secondary Education,Senior,3.39,128,115,2021-01-25
CU100476,College of Business,Finance,Junior,3.8,85,76,2022-08-13
CU100477,College of Health,Nursing,Sophomore,3.79,52,50,2023-09-26
CU100478,College of Arts and Sciences,Chemistry,4th Year,,102,93,2021-08-27
CU100479,Education,Elementary Education,Master's,3.56,32,28,2024-08-08
CU100480,College of Education,Elementary Education,senior,3.18,108,95,2021-01-07
CU100481,Health,Community Health,Junior,3.21,89,76,2022-08-25
CU100482,Education,Secondary Education,Senior,3.45,104,89,2021-08-20
CU100483,College of Engineering,Electrical Engineering,Graduate,3.49,29,26,2024-09-20
CU100484,College of Health,Public Health,Senior,3.22,128,,2021-01-22
CU100485,College of Health,Nursing,  Sophomore  ,3.74,53,50,09/23/23
CU100486,College of Arts and Sciences,Psychology,Junior,3.65,86,76,2022-08-17
CU100487,A&S,  Mathematics  ,Graduate,4.0,24,21,2023-01-22
CU100488,College of Engineering,Electrical Engineering,  First Year  ,3.58,15,13,2024-08-25
CU100489,  College of Arts and Sciences  ,  Philosophy  ,4th Year,3.64,105,100,2021-08-21
CU100490,College of Business,Finance,Freshman,3.17,16,15,2024-09-19
CU100491,College of Engineering,Mechanical Engineering,3rd Year,,90,77,2022-08-04
CU100492,  College of Education  ,Special Education,Sophomore,2.48,58,57,2023-09-20
CU100493,College of Arts and Sciences,Biology,Sophomore,4.0,43,38,2023-09-20
CU100494,College of Engineering,Computer Science,Graduate,3.92,9,,2024-01-20
CU100495,College of Education,Secondary Education,Sophomore,2.58,49 credits,43,14/08/2023
CU100496,College of Education,Special Education,graduate,4.0,18,15,2023-09-22
CU100497,Engineering,Chemical Engineering,Sophomore,2.97,53,52,03/08/2023
CU100498,  College of Business  ,Accounting,junior,3.25,73,65,2022-08-27
CU100499,College of Arts and Sciences,Biology,Graduate,3.61,35,34,2024-08-11
CU100500,College of Education,Secondary Education,  Junior  ,2.89,90,86,2022-08-13
CU100501,Arts & Sciences,Physics,Sophomore,3.2,42,36,2023-08-28
CU100502,College of Business,Supply Chain Management,first year,3.97,20,17,2024-08-08
CU100503,Arts & Sciences,Mathematics,First Year,3.76,29,27,2024-08-04
CU100504,College of Arts and Sciences,Political Science,Graduate,3.12,20,18,2023-01-01
CU100505,College of Health,Health Science,Senior,3.8,122,105,2021-08-19
CU100506,College of Education,Secondary Education,Graduate,4.0,19,16,2023-08-15
CU100507,Health,Public Health,Junior,3.41,89,78,2022-01-22
CU100508,College of Engineering,Mechanical Engineering,Sophomore,,59,56,2023-08-05
CU100509,College of Engineering,Chemical Engineering,First Year,4.0,30,28,03/08/2024
CU100510,College of Education,Elementary Education,first year,2.33,12,11,2024-09-13
CU100511,Health College,Nursing,Senior,3.51,125,122,2021-09-17
CU100512,College of Engineering,Chemical Engineering,First Year,3.05,18,,2024-08-20
CU100513,College of Education,Elementary Education,Sr,3.35,124,122,2021-09-14
CU100514,College of Education,Special Education,Senior,3.59,124,118,04/09/2021
CU100515,College of Engineering,Chemical Engineering,Junior,,87,77,2022-08-17
CU100516,College of Arts and Sciences,Sociology,Junior,3.33,77,75,2022-08-22
CU100517,College of Health,Health Science,First Year,3.95,23,21,2024-09-27
CU100518,College of Health,Community Health,  Sophomore  ,3.0,43,38,2023-08-21
CU100519,College Of Business,Economics,  Soph  ,3.29,53,51,2023-08-17
CU100520,College of Business,  Economics  ,  Master's  ,3.33,12,11,2023-08-06
CU100521,College of Health,Health Science,First Year,3.5,16,,2024-08-27
CU100522,College of Business,Finance,Graduate,3.24,26,23,17/01/2023
CU100523,Arts & Sciences,Physics,First Year,2.93,29,25,2024-01-08
CU100524,College of Education,Special Education,  Sophomore  ,3.05,42,37,2023-01-26
CU100525,College of Engineering,Computer Science,First Year,5.0,26,25,2024-08-14
CU100526,College of Education,  Secondary Education  ,Junior,3.03,77,67,01/23/22
CU100527,College of Engineering,Bioengineering,Fr,3.61,18,15,2024-01-15
CU100528,A&S,Physics,Sr,3.35,114,112,2021-08-19
CU100529,college of education,Special Education,Graduate,3.61,16,,2024-01-05
CU100530,College of Education,Secondary Education,Sophomore,3.24,54,51,2023-08-27
CU100531,College of Business,  Business Analytics  ,Graduate,3.49,36,32,2023-08-24
CU100532,college of business,Marketting,Graduate,3.45,25,24,2023-08-21
CU100533,College of Engineering,Bioengineering,Sr,3.1,105,89,2021-01-23
CU100534,College of Business,  Marketing  ,Senior,3.0,129,127,2021-01-24
CU100535,College of Arts and Sciences,  Philosophy  ,First Year,2.73,12,10,2024-08-11
CU100536,College of Business,Finance,Senior,3.39,116,100,2021-08-27
CU100537,College of Arts and Sciences,English,First Year,2.84,20,17,2024-01-12
CU100538,College of Arts and Sciences,English,Sophomore,3.94,58,54,2023-08-17
CU100539,College of Arts and Sciences,Chemistry,Senior,3.43,115,,2021-08-06
CU100540,College of Arts and Sciences,Physics,Junior,3.26,87,82,2022-08-08
CU100541,  College of Education  ,Elementary Education,Masters,3.45,30,,2024-08-10
CU100542,  College of Business  ,Management,Sophomore,3.09,59,57,2023-08-16
CU100543,College of Engineering,Computer Engineering,Senior,3.990,125,122,2021-01-03
CU100544,College of Engineering,Bioengineering,First Year,2.44,18,16,08/13/24
CU100545,College of Arts and Sciences,Chemistry,Senior,2.8,107,96,2021-09-01
CU100546,College of Arts and Sciences,  History  ,Graduate,3.91,12,11,2023-01-25
CU100547,College of Business,  Economics  ,Junior,2.67,83,,2022-08-25
CU100548,  College of Engineering  ,Civil Engineering,  First Year  ,4.0,15,13,2024-09-14
CU100549,Education,Special Education,Senior,3.69,125,107,2021-09-13
CU100550,College of Business,Marketting,Junior,3.0,78,75,2022-08-24
CU100551,College of Arts and Sciences,Chemistry,Sophomore,3.64,44,,2023-01-14
CU100552,College of Engineering,Computer Engineering,2nd Year,3.25,43,40,2023-09-18
CU100553,College of Arts and Sciences,History,Senior,3.79,119,103,2021-08-13
CU100554,College of Arts and Sciences,Chemistry,senior,3.37,123,122,2021-01-18
CU100555,engineering,Mechanical Engineering,  Sophomore  ,2.43,55 credits,48,2023-01-08
CU100556,College of Education,Special Education,sophomore,2.09,58,56,2023-09-12
CU100557,College of Engineering,Bioengineering,Junior,3.77,82,80,2022-08-15
CU100558,College of Education,Special Education,Graduate,3.86 ,31,26,10/08/2023
CU100559,College of Business,Management,First Year,2.63,19,18,2024-08-04
CU100560,College of Business,Economics,First Year,3.38,28,25,2024-08-19
CU100561,College of Health,Nursing,Senior,3.67,111,96,2021-08-12
CU100562,College of Health,Public Health,Graduate,3.64,24,21,2023-08-22
CU100563,Ed,Elementary Education,Senior,3.33,122,105,2021-01-03
CU100564,College of Engineering,Bioengineering,Freshman,3.22,20,18,2024-08-24
CU100565,  School of Engineering  ,Bioengineering,First Year,3.44,29,27,2024-08-19
CU100566,College of Health,Public Health,  Sophomore  ,3.37,57,52,"August 28, 2023"
CU100567,Health,Nursing,First Year,3.46,29,28,25/08/2024
CU100568,College of Engineering,Civil Engineering,Sophomore,2.85,58,57,2023-08-08
CU100569,College of Health,Health Science,Graduate,3.27 ,23,22,2024-08-07
CU100570,College of Engineering,Civil Engineering,Sophomore,3.92,57,56,2023-08-25
CU100571,College of Business,Supply Chain Management,First Year,3.1,25,24,2024-01-10
CU100572,College of Arts and Sciences,Physics,Graduate,3.33,23,22,08-11-2024
CU100573,  Education  ,Elementary Education,Graduate,3.55,22,21,2023-01-16
CU100574,COE,Mechanical Engineering,  4th Year  ,3.39,115,111,2021-09-24
CU100575,  College of Arts and Sciences  ,Political Science,First Year,3.59,22,20,2024-01-12
CU100576,College of Business,Marketing,Graduate,3.29,16,15,2024-08-06
CU100577,College of Engineering,Computer Engineering,  First Year  ,2.73,24,22,2024-08-06
CU100578,College of Education,Secondary Education,Junior,3.41,88,76,2022-08-01
CU100579,Health College,Community Health,Fr,4.0,22,18,2024-08-19
CU100580,College of Engineering,  Civil Engineering  ,Sophomore,3.02,45,43,07/09/2023
CU100581,College of Education,Special Education,Junior,3.34,-10,68,2022-08-16
CU100582,College of Education,Special Education,Senior,3.46,117,108,2021-08-08
CU100583,COH,Nursing,Senior,,123,107,09-21-2021
CU100584,Education,  Secondary Education  ,Junior,3.65,78,71,2022-01-15
CU100585,Ed,Secondary Education,First Year,2.53,29,25,2024-09-27
CU100586,College of Education,Elementary Education,first year,3.74,19,18,2024-08-17
CU100587,  College of Education  ,Elementary Education,Senior,3.4,121,110,2021-08-02
CU100588,College of Arts and Sciences,English,  Grad  ,3.43,28,26,2024-08-25
CU100589,Arts and Sciences,Psychology,Graduate,3.95,30,26,2023-08-22
CU100590,College of Arts and Sciences,Mathematics,Graduate,3.94,10,9,2023-08-21
CU100591,College of Health,Community Health,Junior,2.72,80,78,2022-08-21
CU100592,College of Health,Community Health,Junior,2.61,84,71,2022-01-27
CU100593,Health,Community Health,  junior  ,2.24,85,80,2022-08-19
CU100594,College of Health,Nursing,Senior,3.26,107,94,2021-09-25
CU100595,College of Health,Nursing,Senior,2.97,108,96,2021-08-11
CU100596,College of Health,  Health Science  ,First Year,2.32,14,13,2024-08-05
CU100597,College of Health,Health Science,Sophomore,4.0,42,38,2023-08-08
CU100598,College of Education,Special Education,Sophomore,4.0,60,58,08/23/23
CU100599,College of Engineering,Civil Engineering,First Year,4.0,27,25,2024-01-08
CU100600,College of Engineering,Computer Science,3rd Year,,89,84,2022-09-28
CU100406,College of Education,Elementary Education,Senior,3.26,114,,2021-09-28
CU100463,Education,Secondary Education,Sophomore,3.8899999999999997,55 credits,53,2023-08-03
CU100312,College of Engineering,Civil Engineering,  Senior  ,3.8899999999999997,126,112,2021-09-11
CU100584,Education,  Secondary Education  ,Junior,3.65,78,72,2022-01-15
CU100521,College of Health,Health Science,First Year,3.5,16,31,2024-08-27
